epoch,train_loss,val_loss,val_acc
1,0.5264,0.0014,0.999671
2,0.0052,0.0005,0.999864
3,0.0026,0.0009,0.999784
4,0.0015,0.0002,0.999904
5,0.0013,0.0038,0.998854
