epoch,train_loss,val_loss,val_acc
1,4.6838,4.7005,0.0012
2,4.5088,4.6307,0.0012
3,4.2849,4.2996,0.0012
4,4.1973,4.2148,0.0012
5,4.1944,4.4785,0.0012
6,4.1840,4.3350,0.0012
7,4.0128,3.9302,0.0012
8,2.7732,1.8629,0.0169
9,1.4903,1.3940,0.2332
10,1.0209,0.9497,0.4289
11,0.9096939098982575,0.9356616086091477,0.4419
12,0.8524155074034255,0.8619600847696725,0.4507
